question_id,method,k,answer_pred,answer_gt,em,f1,precision,recall,input_tokens,output_tokens,cost_usd,selected_titles
5ae143ed55429920d5234360,ucb1,2,noanswer,1755,0.0,0.0,0.0,0.0,323,2,4.965e-05,"[""Sergei Roshchin"", ""Moscow State University""]"
5ae143ed55429920d5234360,ucb1,3,noanswer,1755,0.0,0.0,0.0,0.0,421,2,6.435e-05,"[""Sergei Roshchin"", ""Moscow State University"", ""Sergei Sholokhov""]"
5ae143ed55429920d5234360,ucb1,5,noanswer,1755,0.0,0.0,0.0,0.0,635,2,9.645e-05,"[""Sergei Roshchin"", ""Moscow State University"", ""Sergei Sholokhov"", ""Sergei Kornilenko"", ""Sergei Chikildin""]"
5abc19705542993a06baf86e,ucb1,2,noanswer,Dutch,0.0,0.0,0.0,0.0,457,2,6.975e-05,"[""Black Book (World War II)"", ""Black Book of the Admiralty""]"
5abc19705542993a06baf86e,ucb1,3,noanswer,Dutch,0.0,0.0,0.0,0.0,515,2,7.845e-05,"[""Black Book (World War II)"", ""Black Book of the Admiralty"", ""Black Book (non-standard disc format)""]"
5abc19705542993a06baf86e,ucb1,5,Jewish,Dutch,0.0,0.0,0.0,0.0,773,2,0.00011714999999999999,"[""Black Book (World War II)"", ""Black Book of the Admiralty"", ""Black Book (non-standard disc format)"", ""Books of Clanranald"", ""Black Book (novel)""]"
5ac3e0f7554299194317388b,ucb1,2,noanswer,Kevin Spacey,0.0,0.0,0.0,0.0,284,2,4.38e-05,"[""Miss American Beauty 1963"", ""American Beauty (1927 film)""]"
5ac3e0f7554299194317388b,ucb1,3,noanswer,Kevin Spacey,0.0,0.0,0.0,0.0,491,2,7.484999999999999e-05,"[""Miss American Beauty 1963"", ""American Beauty (1927 film)"", ""List of accolades received by American Beauty""]"
5ac3e0f7554299194317388b,ucb1,5,Kevin Spacey,Kevin Spacey,1.0,1.0,1.0,1.0,735,3,0.00011205,"[""Miss American Beauty 1963"", ""American Beauty (1927 film)"", ""List of accolades received by American Beauty"", ""Coty, Inc."", ""La Belle Am\u00e9ricaine""]"
5ae518655542993aec5ec139,ucb1,2,40,40 members,0.0,0.6666666666666666,1.0,0.5,288,1,4.3799999999999994e-05,"[""Wisconsin Legislature"", ""Florida Senate""]"
5ae518655542993aec5ec139,ucb1,3,40,40 members,0.0,0.6666666666666666,1.0,0.5,532,1,8.04e-05,"[""Wisconsin Legislature"", ""Florida Senate"", ""Murtaza Ahmed Khan""]"
5ae518655542993aec5ec139,ucb1,5,40,40 members,0.0,0.6666666666666666,1.0,0.5,738,1,0.00011130000000000001,"[""Wisconsin Legislature"", ""Florida Senate"", ""Murtaza Ahmed Khan"", ""Ken Pruitt"", ""Senate of Burkina Faso""]"
5ab985eb554299131ca42360,ucb1,2,noanswer,Greyia,0.0,0.0,0.0,0.0,468,2,7.14e-05,"[""Calyptocephalellidae"", ""List of Amanita species""]"
5ab985eb554299131ca42360,ucb1,3,noanswer,Greyia,0.0,0.0,0.0,0.0,686,2,0.0001041,"[""Calyptocephalellidae"", ""List of Amanita species"", ""Megalurus""]"
5ab985eb554299131ca42360,ucb1,5,noanswer,Greyia,0.0,0.0,0.0,0.0,1064,2,0.0001608,"[""Calyptocephalellidae"", ""List of Amanita species"", ""Megalurus"", ""Leptofoenus"", ""Banksiamyces""]"
5a8753d95542994846c1cd63,ucb1,2,no,yes,0.0,0.0,0.0,0.0,284,1,4.32e-05,"[""Tom Clancy's Ghost Recon 2: Summit Strike"", ""Tom Clancy's Net Force Explorers: Deathworld""]"
5a8753d95542994846c1cd63,ucb1,3,no,yes,0.0,0.0,0.0,0.0,346,1,5.25e-05,"[""Tom Clancy's Ghost Recon 2: Summit Strike"", ""Tom Clancy's Net Force Explorers: Deathworld"", ""Tom Clancy's Net Force Explorers: Safe House""]"
5a8753d95542994846c1cd63,ucb1,5,no,yes,0.0,0.0,0.0,0.0,584,1,8.819999999999999e-05,"[""Tom Clancy's Ghost Recon 2: Summit Strike"", ""Tom Clancy's Net Force Explorers: Deathworld"", ""Tom Clancy's Net Force Explorers: Safe House"", ""John Updike"", ""Tom Clancy""]"
5ab97d0a5542996be202051e,ucb1,2,noanswer,John André,0.0,0.0,0.0,0.0,530,2,8.07e-05,"[""1st Virginia State Regiment"", ""Benjamin Lincoln""]"
5ab97d0a5542996be202051e,ucb1,3,noanswer,John André,0.0,0.0,0.0,0.0,606,2,9.209999999999999e-05,"[""1st Virginia State Regiment"", ""Benjamin Lincoln"", ""Battle of Germantown""]"
5ab97d0a5542996be202051e,ucb1,5,noanswer,John André,0.0,0.0,0.0,0.0,945,2,0.00014295,"[""1st Virginia State Regiment"", ""Benjamin Lincoln"", ""Battle of Germantown"", ""Siege of Yorktown"", ""Benedict Arnold""]"
5adef1b35542993a75d263af,ucb1,2,noanswer,Salma Hayek Pinault,0.0,0.0,0.0,0.0,414,2,6.33e-05,"[""Emmanuel Curtil"", ""B\u00e9atrice Picard""]"
5adef1b35542993a75d263af,ucb1,3,noanswer,Salma Hayek Pinault,0.0,0.0,0.0,0.0,465,2,7.095e-05,"[""Emmanuel Curtil"", ""B\u00e9atrice Picard"", ""Doroth\u00e9e Jemma""]"
5adef1b35542993a75d263af,ucb1,5,Salma Hayek,Salma Hayek Pinault,0.0,0.8,1.0,0.6666666666666666,657,4,0.00010095,"[""Emmanuel Curtil"", ""B\u00e9atrice Picard"", ""Doroth\u00e9e Jemma"", ""Ethel Houbiers"", ""Salma Hayek""]"
5a73b55855429978a71e9086,ucb1,2,Gatwick Airport,Gatwick Airport,1.0,1.0,1.0,1.0,394,4,6.149999999999999e-05,"[""Gatwick Airport"", ""Dubai International Airport""]"
5a73b55855429978a71e9086,ucb1,3,Gatwick Airport,Gatwick Airport,1.0,1.0,1.0,1.0,606,4,9.329999999999999e-05,"[""Gatwick Airport"", ""Dubai International Airport"", ""Grantley Adams International Airport""]"
5a73b55855429978a71e9086,ucb1,5,Gatwick Airport,Gatwick Airport,1.0,1.0,1.0,1.0,1041,4,0.00015855,"[""Gatwick Airport"", ""Dubai International Airport"", ""Grantley Adams International Airport"", ""Coimbatore International Airport"", ""Vancouver International Airport""]"
5ae80919554299540e5a56f6,ucb1,2,noanswer,The Changing Scottish Landscape,0.0,0.0,0.0,0.0,266,2,4.11e-05,"[""Abergairn Castle"", ""Scharfenstein Castle (Kiedrich)""]"
5ae80919554299540e5a56f6,ucb1,3,Abergairn Castle,The Changing Scottish Landscape,0.0,0.0,0.0,0.0,390,5,6.15e-05,"[""Abergairn Castle"", ""Scharfenstein Castle (Kiedrich)"", ""Inch Castle""]"
5ae80919554299540e5a56f6,ucb1,5,Abergairn Castle,The Changing Scottish Landscape,0.0,0.0,0.0,0.0,617,5,9.555e-05,"[""Abergairn Castle"", ""Scharfenstein Castle (Kiedrich)"", ""Inch Castle"", ""Ch\u00e2teau de Longwy"", ""Clun Castle""]"
5ae361605542994393b9e69b,ucb1,2,Joint Regional Correctional Facility Southwest,"""Home of the Submarine Force""",0.0,0.0,0.0,0.0,375,6,5.985e-05,"[""Music Instructor"", ""Naval Consolidated Brig, Miramar""]"
5ae361605542994393b9e69b,ucb1,3,noanswer,"""Home of the Submarine Force""",0.0,0.0,0.0,0.0,442,2,6.75e-05,"[""Music Instructor"", ""Naval Consolidated Brig, Miramar"", ""RAF Croft""]"
5ae361605542994393b9e69b,ucb1,5,noanswer,"""Home of the Submarine Force""",0.0,0.0,0.0,0.0,590,2,8.97e-05,"[""Music Instructor"", ""Naval Consolidated Brig, Miramar"", ""RAF Croft"", ""Naval Submarine Base New London"", ""Lara Croft: Tomb Raider""]"
5ac3a76e554299741d48a2be,ucb1,2,U2,U2,1.0,1.0,1.0,1.0,461,2,7.034999999999999e-05,"[""Win (film)"", ""The Fly (song)""]"
5ac3a76e554299741d48a2be,ucb1,3,U2,U2,1.0,1.0,1.0,1.0,612,2,9.3e-05,"[""Win (film)"", ""The Fly (song)"", ""Jai Ho! (You Are My Destiny)""]"
5ac3a76e554299741d48a2be,ucb1,5,U2,U2,1.0,1.0,1.0,1.0,914,2,0.0001383,"[""Win (film)"", ""The Fly (song)"", ""Jai Ho! (You Are My Destiny)"", ""Govinda Jaya Jaya"", ""U218 Singles""]"
5a7557d75542992d0ec05f68,ucb1,2,noanswer,Laurie Metcalf,0.0,0.0,0.0,0.0,305,2,4.695e-05,"[""Scream 2 (Markus Schulz album)"", ""Rebecca Gayheart""]"
5a7557d75542992d0ec05f68,ucb1,3,Bobby Gaylor,Laurie Metcalf,0.0,0.0,0.0,0.0,414,4,6.45e-05,"[""Scream 2 (Markus Schulz album)"", ""Rebecca Gayheart"", ""Bobby Gaylor""]"
5a7557d75542992d0ec05f68,ucb1,5,Laurie Metcalf,Laurie Metcalf,1.0,1.0,1.0,1.0,902,5,0.00013829999999999997,"[""Scream 2 (Markus Schulz album)"", ""Rebecca Gayheart"", ""Bobby Gaylor"", ""Timothy Olyphant"", ""Laurie Metcalf""]"
5a8d12ca5542994ba4e3dbe2,ucb1,2,noanswer,"Nairobi, Kenya",0.0,0.0,0.0,0.0,378,2,5.79e-05,"[""National Convention Party (Gambia)"", ""Fly540""]"
5a8d12ca5542994ba4e3dbe2,ucb1,3,noanswer,"Nairobi, Kenya",0.0,0.0,0.0,0.0,450,2,6.87e-05,"[""National Convention Party (Gambia)"", ""Fly540"", ""Goldie &amp; McCulloch""]"
5a8d12ca5542994ba4e3dbe2,ucb1,5,Dar es Salaam,"Nairobi, Kenya",0.0,0.0,0.0,0.0,644,3,9.839999999999999e-05,"[""National Convention Party (Gambia)"", ""Fly540"", ""Goldie &amp; McCulloch"", ""Fastjet Tanzania"", ""Christian Brothers College, St Kilda""]"
5ab7f6d35542993667794070,ucb1,2,noanswer,Cyclic Defrost,0.0,0.0,0.0,0.0,530,2,8.07e-05,"[""Sixtoo"", ""In\u00e9z""]"
5ab7f6d35542993667794070,ucb1,3,noanswer,Cyclic Defrost,0.0,0.0,0.0,0.0,620,2,9.42e-05,"[""Sixtoo"", ""In\u00e9z"", ""Experimental hip hop""]"
5ab7f6d35542993667794070,ucb1,5,noanswer,Cyclic Defrost,0.0,0.0,0.0,0.0,941,2,0.00014235000000000002,"[""Sixtoo"", ""In\u00e9z"", ""Experimental hip hop"", ""List of sound artists"", ""Beautiful Eulogy""]"
5ac3d9135542995c82c4ac4c,ucb1,2,noanswer,729 at the 2010 census,0.0,0.0,0.0,0.0,385,2,5.895e-05,"[""Buchanan Township, Atchison County, Missouri"", ""George H. Williams Townhouses""]"
5ac3d9135542995c82c4ac4c,ucb1,3,729,729 at the 2010 census,0.0,0.4,1.0,0.25,428,1,6.48e-05,"[""Buchanan Township, Atchison County, Missouri"", ""George H. Williams Townhouses"", ""Nelson, New Hampshire""]"
5ac3d9135542995c82c4ac4c,ucb1,5,729,729 at the 2010 census,0.0,0.4,1.0,0.25,1247,1,0.00018764999999999998,"[""Buchanan Township, Atchison County, Missouri"", ""George H. Williams Townhouses"", ""Nelson, New Hampshire"", ""Dade County, Georgia"", ""Franklin Street Presbyterian Church and Parsonage""]"
5ae129115542990adbacf722,ucb1,2,Francis McPeake,Francis McPeake,1.0,1.0,1.0,1.0,457,5,7.155e-05,"[""A Pair of Brown Eyes"", ""Wild Mountain Thyme""]"
5ae129115542990adbacf722,ucb1,3,Shane MacGowan,Francis McPeake,0.0,0.0,0.0,0.0,725,5,0.00011175,"[""A Pair of Brown Eyes"", ""Wild Mountain Thyme"", ""Crystal Gayle singles discography""]"
5ae129115542990adbacf722,ucb1,5,Francis McPeake,Francis McPeake,1.0,1.0,1.0,1.0,1374,5,0.0002091,"[""A Pair of Brown Eyes"", ""Wild Mountain Thyme"", ""Crystal Gayle singles discography"", ""Bakhmull"", ""A Spanner in the Works""]"
5a86769c5542994775f60776,ucb1,2,Slaughterhouse-Five,Slaughterhouse-Five,1.0,1.0,1.0,1.0,537,5,8.355e-05,"[""Jos\u00e9 Mar\u00eda Gironella"", ""Kurt Vonnegut""]"
5a86769c5542994775f60776,ucb1,3,Slaughterhouse-Five,Slaughterhouse-Five,1.0,1.0,1.0,1.0,691,5,0.00010664999999999999,"[""Jos\u00e9 Mar\u00eda Gironella"", ""Kurt Vonnegut"", ""The Magic Christian (novel)""]"
5a86769c5542994775f60776,ucb1,5,Slaughterhouse-Five,Slaughterhouse-Five,1.0,1.0,1.0,1.0,898,5,0.00013769999999999999,"[""Jos\u00e9 Mar\u00eda Gironella"", ""Kurt Vonnegut"", ""The Magic Christian (novel)"", ""Little Big Man (novel)"", ""Hugh Gallagher (humorist)""]"
5ab31864554299233954ff06,ucb1,2,Sarod,strings,0.0,0.0,0.0,0.0,354,2,5.4300000000000005e-05,"[""Sarod"", ""Apratim Majumdar""]"
5ab31864554299233954ff06,ucb1,3,Sarod,strings,0.0,0.0,0.0,0.0,502,2,7.65e-05,"[""Sarod"", ""Apratim Majumdar"", ""Bukkehorn""]"
5ab31864554299233954ff06,ucb1,5,Sarod,strings,0.0,0.0,0.0,0.0,798,2,0.00012089999999999998,"[""Sarod"", ""Apratim Majumdar"", ""Bukkehorn"", ""Chander Bari"", ""Sousaphone""]"
5a7b1023554299042af8f6c2,ucb1,2,The Many Adventures of Winnie the Pooh,Ride a Wild Pony,0.0,0.0,0.0,0.0,458,7,7.290000000000001e-05,"[""Up, Down and Touch the Ground"", ""The Wild Pony""]"
5a7b1023554299042af8f6c2,ucb1,3,The Many Adventures of Winnie the Pooh,Ride a Wild Pony,0.0,0.0,0.0,0.0,622,7,9.749999999999998e-05,"[""Up, Down and Touch the Ground"", ""The Wild Pony"", ""Pony Penning""]"
5a7b1023554299042af8f6c2,ucb1,5,The Many Adventures of Winnie the Pooh,Ride a Wild Pony,0.0,0.0,0.0,0.0,972,7,0.00015,"[""Up, Down and Touch the Ground"", ""The Wild Pony"", ""Pony Penning"", ""Little Black Rain Cloud"", ""Winnie the Pooh (song)""]"
5ac19f405542991316484b5b,ucb1,2,noanswer,dogs,0.0,0.0,0.0,0.0,332,2,5.1e-05,"[""Pandikona"", ""Jurassic Park Builder""]"
5ac19f405542991316484b5b,ucb1,3,dog,dogs,0.0,0.0,0.0,0.0,410,1,6.21e-05,"[""Pandikona"", ""Jurassic Park Builder"", ""Berger Blanc Suisse""]"
5ac19f405542991316484b5b,ucb1,5,dogs,dogs,1.0,1.0,1.0,1.0,627,1,9.465e-05,"[""Pandikona"", ""Jurassic Park Builder"", ""Berger Blanc Suisse"", ""Progression of Animals"", ""On the Soul""]"
5ae382ee5542992e3233c430,ucb1,2,Classical Realism,Modern thinkers associated with classical realism are Carl von Clausewitz,0.0,0.33333333333333337,1.0,0.2,323,4,5.0849999999999996e-05,"[""Classical realism (international relations)"", ""Charles Roberts Awards Hall of Fame""]"
5ae382ee5542992e3233c430,ucb1,3,Classical Realism,Modern thinkers associated with classical realism are Carl von Clausewitz,0.0,0.33333333333333337,1.0,0.2,438,4,6.81e-05,"[""Classical realism (international relations)"", ""Charles Roberts Awards Hall of Fame"", ""War from the Ground Up""]"
5ae382ee5542992e3233c430,ucb1,5,Classical Realism,Modern thinkers associated with classical realism are Carl von Clausewitz,0.0,0.33333333333333337,1.0,0.2,581,4,8.955e-05,"[""Classical realism (international relations)"", ""Charles Roberts Awards Hall of Fame"", ""War from the Ground Up"", ""Panzer Division Clausewitz"", ""Absolute war""]"
5adcdf455542994ed6169c11,ucb1,2,noanswer,Royal Air Force,0.0,0.0,0.0,0.0,293,2,4.515e-05,"[""Flying Legend Hawker Hurricane Replica"", ""Supermarine Seafire""]"
5adcdf455542994ed6169c11,ucb1,3,noanswer,Royal Air Force,0.0,0.0,0.0,0.0,412,2,6.3e-05,"[""Flying Legend Hawker Hurricane Replica"", ""Supermarine Seafire"", ""No. 1300 Flight RAF""]"
5adcdf455542994ed6169c11,ucb1,5,noanswer,Royal Air Force,0.0,0.0,0.0,0.0,636,2,9.659999999999999e-05,"[""Flying Legend Hawker Hurricane Replica"", ""Supermarine Seafire"", ""No. 1300 Flight RAF"", ""Hawker Typhoon"", ""Hawker Hurricane in Yugoslav service""]"
5ac35a7e554299741d48a257,ucb1,2,Turkish,Norwegian language,0.0,0.0,0.0,0.0,410,2,6.27e-05,"[""Turkish people"", ""The Real Thing (Norwegian band)""]"
5ac35a7e554299741d48a257,ucb1,3,noanswer,Norwegian language,0.0,0.0,0.0,0.0,581,2,8.834999999999999e-05,"[""Turkish people"", ""The Real Thing (Norwegian band)"", ""Azerbaijanis""]"
5ac35a7e554299741d48a257,ucb1,5,noanswer,Norwegian language,0.0,0.0,0.0,0.0,861,2,0.00013035,"[""Turkish people"", ""The Real Thing (Norwegian band)"", ""Azerbaijanis"", ""Fezara people"", ""Unrecognized ethnic groups in China""]"
5ab2659e554299340b5254b2,ucb1,2,Sasanian Empire,the Parthian Empire,0.0,0.5,0.5,0.5,430,4,6.69e-05,"[""Khosrow IV"", ""Duchy of Thuringia""]"
5ab2659e554299340b5254b2,ucb1,3,noanswer,the Parthian Empire,0.0,0.0,0.0,0.0,553,2,8.415e-05,"[""Khosrow IV"", ""Duchy of Thuringia"", ""Chach of Alor""]"
5ab2659e554299340b5254b2,ucb1,5,Sasanian Empire,the Parthian Empire,0.0,0.5,0.5,0.5,751,4,0.00011504999999999999,"[""Khosrow IV"", ""Duchy of Thuringia"", ""Chach of Alor"", ""Farrukhzad Khosrow V"", ""Samo""]"
5adcbb815542994ed6169bde,ucb1,2,Stone Brewing,Stone Brewing,1.0,1.0,1.0,1.0,390,2,5.97e-05,"[""Namibia Breweries Limited"", ""Beer in South Korea""]"
5adcbb815542994ed6169bde,ucb1,3,Stone Brewing,Stone Brewing,1.0,1.0,1.0,1.0,449,2,6.855e-05,"[""Namibia Breweries Limited"", ""Beer in South Korea"", ""Microbrewery""]"
5adcbb815542994ed6169bde,ucb1,5,Stone Brewing,Stone Brewing,1.0,1.0,1.0,1.0,653,2,9.915000000000001e-05,"[""Namibia Breweries Limited"", ""Beer in South Korea"", ""Microbrewery"", ""List of breweries in California"", ""Brouwerij 't IJ""]"
5a74f8bd5542993748c8976a,ucb1,2,Tim Cluess,Tim Cluess,1.0,1.0,1.0,1.0,430,4,6.69e-05,"[""2012\u201313 Iona Gaels men's basketball team"", ""2013\u201314 Iona Gaels men's basketball team""]"
5a74f8bd5542993748c8976a,ucb1,3,Tim Cluess,Tim Cluess,1.0,1.0,1.0,1.0,516,4,7.98e-05,"[""2012\u201313 Iona Gaels men's basketball team"", ""2013\u201314 Iona Gaels men's basketball team"", ""David Hobbs (basketball)""]"
5a74f8bd5542993748c8976a,ucb1,5,Tim Cluess,Tim Cluess,1.0,1.0,1.0,1.0,761,4,0.00011655,"[""2012\u201313 Iona Gaels men's basketball team"", ""2013\u201314 Iona Gaels men's basketball team"", ""David Hobbs (basketball)"", ""2015\u201316 Iona Gaels men's basketball team"", ""2015\u201316 Iowa State Cyclones men's basketball team""]"
5ade25ed5542997c77aded70,ucb1,2,noanswer,the Cold War (1947–91),0.0,0.0,0.0,0.0,317,2,4.875e-05,"[""Grand Duke Sergei Alexandrovich of Russia"", ""Grand Duke Vladimir Alexandrovich of Russia""]"
5ade25ed5542997c77aded70,ucb1,3,noanswer,the Cold War (1947–91),0.0,0.0,0.0,0.0,495,2,7.545e-05,"[""Grand Duke Sergei Alexandrovich of Russia"", ""Grand Duke Vladimir Alexandrovich of Russia"", ""Russia\u2013United Kingdom relations""]"
5ade25ed5542997c77aded70,ucb1,5,noanswer,the Cold War (1947–91),0.0,0.0,0.0,0.0,882,2,0.0001335,"[""Grand Duke Sergei Alexandrovich of Russia"", ""Grand Duke Vladimir Alexandrovich of Russia"", ""Russia\u2013United Kingdom relations"", ""Charles Sydney Gibbes"", ""October Manifesto""]"
5a78ae8b5542990784727730,ucb1,2,noanswer,about 115 miles (185 km),0.0,0.0,0.0,0.0,247,2,3.825e-05,"[""Pacific Flying Club"", ""Castle Air Force Base""]"
5a78ae8b5542990784727730,ucb1,3,noanswer,about 115 miles (185 km),0.0,0.0,0.0,0.0,406,2,6.209999999999999e-05,"[""Pacific Flying Club"", ""Castle Air Force Base"", ""American Airlines Flight 157""]"
5a78ae8b5542990784727730,ucb1,5,115 miles,about 115 miles (185 km),0.0,0.5714285714285715,1.0,0.4,714,2,0.00010829999999999999,"[""Pacific Flying Club"", ""Castle Air Force Base"", ""American Airlines Flight 157"", ""North American Institute of Aviation"", ""Aerocondor""]"
5ae12a4b55429920d52342df,ucb1,2,Logar,Puli Alam,0.0,0.0,0.0,0.0,420,2,6.42e-05,"[""Kathiawar Agency"", ""Forward Operating Base Shank""]"
5ae12a4b55429920d52342df,ucb1,3,Baraki Barak,Puli Alam,0.0,0.0,0.0,0.0,548,4,8.460000000000001e-05,"[""Kathiawar Agency"", ""Forward Operating Base Shank"", ""Baraki Rajan""]"
5ae12a4b55429920d52342df,ucb1,5,Baraki Barak,Puli Alam,0.0,0.0,0.0,0.0,923,4,0.00014084999999999998,"[""Kathiawar Agency"", ""Forward Operating Base Shank"", ""Baraki Rajan"", ""Mahsud"", ""Baraki Barak airstrike""]"
5ae22eae554299495565da30,ucb1,2,noanswer,310,0.0,0.0,0.0,0.0,309,2,4.7550000000000004e-05,"[""Crescent Range"", ""Mount Crescent""]"
5ae22eae554299495565da30,ucb1,3,noanswer,310,0.0,0.0,0.0,0.0,476,2,7.259999999999999e-05,"[""Crescent Range"", ""Mount Crescent"", ""Santa Cruz (Santiago)""]"
5ae22eae554299495565da30,ucb1,5,noanswer,310,0.0,0.0,0.0,0.0,757,2,0.00011475,"[""Crescent Range"", ""Mount Crescent"", ""Santa Cruz (Santiago)"", ""Crescent Mills, California"", ""Somanya""]"
5ab6aa4c55429953192ad359,ucb1,2,Odyssey,"""Kitty Hawk""",0.0,0.0,0.0,0.0,403,2,6.165e-05,"[""Moon Machines"", ""Apollo (spacecraft)""]"
5ab6aa4c55429953192ad359,ucb1,3,Casper,"""Kitty Hawk""",0.0,0.0,0.0,0.0,536,2,8.159999999999999e-05,"[""Moon Machines"", ""Apollo (spacecraft)"", ""Apollo 16""]"
5ab6aa4c55429953192ad359,ucb1,5,Columbia,"""Kitty Hawk""",0.0,0.0,0.0,0.0,880,2,0.0001332,"[""Moon Machines"", ""Apollo (spacecraft)"", ""Apollo 16"", ""Apollo 8"", ""Apollo 12""]"
5adf3e835542993a75d26442,ucb1,2,noanswer,Marvel,0.0,0.0,0.0,0.0,345,2,5.295e-05,"[""Nick Fury, Agent of S.H.I.E.L.D. (feature)"", ""Wolverine/Nick Fury: The Scorpio Connection""]"
5adf3e835542993a75d26442,ucb1,3,"Nick Fury, Agent of S.H.I.E.L.D.",Marvel,0.0,0.0,0.0,0.0,503,12,8.265e-05,"[""Nick Fury, Agent of S.H.I.E.L.D. (feature)"", ""Wolverine/Nick Fury: The Scorpio Connection"", ""Nick Fury: Agent of S.H.I.E.L.D. (film)""]"
5adf3e835542993a75d26442,ucb1,5,Nick Fury vs. S.H.I.E.L.D.,Marvel,0.0,0.0,0.0,0.0,749,11,0.00011894999999999999,"[""Nick Fury, Agent of S.H.I.E.L.D. (feature)"", ""Wolverine/Nick Fury: The Scorpio Connection"", ""Nick Fury: Agent of S.H.I.E.L.D. (film)"", ""Nick Fury, Agent of S.H.I.E.L.D.: Empyre"", ""Nick Fury vs. S.H.I.E.L.D.""]"
5a8ee3a755429917b4a5be02,ucb1,2,Kate Smith,"Harry Lillis ""Bing"" Crosby Jr.",0.0,0.0,0.0,0.0,313,2,4.815e-05,"[""Hello, Everybody!"", ""Sitting Pretty (1933 film)""]"
5a8ee3a755429917b4a5be02,ucb1,3,Kate Smith,"Harry Lillis ""Bing"" Crosby Jr.",0.0,0.0,0.0,0.0,383,2,5.8649999999999996e-05,"[""Hello, Everybody!"", ""Sitting Pretty (1933 film)"", ""Going Hollywood""]"
5a8ee3a755429917b4a5be02,ucb1,5,Bing Crosby,"Harry Lillis ""Bing"" Crosby Jr.",0.0,0.5714285714285715,1.0,0.4,549,3,8.415e-05,"[""Hello, Everybody!"", ""Sitting Pretty (1933 film)"", ""Going Hollywood"", ""College Humor (film)"", ""Girl Without a Room""]"
5ac0dcf25542996f0d89cc2c,ucb1,2,noanswer,Jane Mayer,0.0,0.0,0.0,0.0,378,2,5.79e-05,"[""David Koch"", ""Binford &amp; Mort""]"
5ac0dcf25542996f0d89cc2c,ucb1,3,noanswer,Jane Mayer,0.0,0.0,0.0,0.0,528,2,8.04e-05,"[""David Koch"", ""Binford &amp; Mort"", ""ProSieben""]"
5ac0dcf25542996f0d89cc2c,ucb1,5,noanswer,Jane Mayer,0.0,0.0,0.0,0.0,756,2,0.0001146,"[""David Koch"", ""Binford &amp; Mort"", ""ProSieben"", ""Koch family"", ""Banfield Pet Hospital""]"
5a7e618155429949594199b0,ucb1,2,noanswer,Albany,0.0,0.0,0.0,0.0,469,2,7.154999999999999e-05,"[""New York State Route 9B"", ""New York State Route 9N""]"
5a7e618155429949594199b0,ucb1,3,Albany County,Albany,0.0,0.6666666666666666,0.5,1.0,669,3,0.00010215,"[""New York State Route 9B"", ""New York State Route 9N"", ""New York State Route 9R""]"
5a7e618155429949594199b0,ucb1,5,Albany County,Albany,0.0,0.6666666666666666,0.5,1.0,1005,3,0.00015255,"[""New York State Route 9B"", ""New York State Route 9N"", ""New York State Route 9R"", ""Boght Corners, New York"", ""Borodino, New York""]"
5ab916e155429919ba4e23a4,ucb1,2,noanswer,Chiwetel Ejiofor,0.0,0.0,0.0,0.0,242,2,3.75e-05,"[""Sinan Tuzcu"", ""Schapelle Corby""]"
5ab916e155429919ba4e23a4,ucb1,3,noanswer,Chiwetel Ejiofor,0.0,0.0,0.0,0.0,297,2,4.575e-05,"[""Sinan Tuzcu"", ""Schapelle Corby"", ""Levan Kobiashvili""]"
5ab916e155429919ba4e23a4,ucb1,5,noanswer,Chiwetel Ejiofor,0.0,0.0,0.0,0.0,580,2,8.82e-05,"[""Sinan Tuzcu"", ""Schapelle Corby"", ""Levan Kobiashvili"", ""Solomon Northup"", ""Jamba (footballer)""]"
5a713b325542994082a3e6b5,ucb1,2,Agra,Agra,1.0,1.0,1.0,1.0,320,2,4.92e-05,"[""The Taj Mahal Palace Hotel"", ""Taj Mahal""]"
5a713b325542994082a3e6b5,ucb1,3,noanswer,Agra,0.0,0.0,0.0,0.0,437,2,6.675e-05,"[""The Taj Mahal Palace Hotel"", ""Taj Mahal"", ""Taj Mahal, Bulandshahar""]"
5a713b325542994082a3e6b5,ucb1,5,noanswer,Agra,0.0,0.0,0.0,0.0,590,2,8.97e-05,"[""The Taj Mahal Palace Hotel"", ""Taj Mahal"", ""Taj Mahal, Bulandshahar"", ""R. Chandru"", ""Kester Smith""]"
5a87c13f5542996e4f30890c,ucb1,2,noanswer,Rome,0.0,0.0,0.0,0.0,427,2,6.525e-05,"[""La Boh\u00e8me (1988 film)"", ""Ron Bottcher""]"
5a87c13f5542996e4f30890c,ucb1,3,noanswer,Rome,0.0,0.0,0.0,0.0,586,2,8.91e-05,"[""La Boh\u00e8me (1988 film)"", ""Ron Bottcher"", ""O mio babbino caro""]"
5a87c13f5542996e4f30890c,ucb1,5,noanswer,Rome,0.0,0.0,0.0,0.0,926,2,0.00014010000000000002,"[""La Boh\u00e8me (1988 film)"", ""Ron Bottcher"", ""O mio babbino caro"", ""Gianni Schicchi"", ""Franco Corelli""]"
5a8843cd5542994846c1ce75,ucb1,2,noanswer,Buffalo,0.0,0.0,0.0,0.0,383,2,5.8649999999999996e-05,"[""Krau Wildlife Reserve"", ""Giam Siak Kecil-Bukit Batu""]"
5a8843cd5542994846c1ce75,ucb1,3,noanswer,Buffalo,0.0,0.0,0.0,0.0,448,2,6.840000000000001e-05,"[""Krau Wildlife Reserve"", ""Giam Siak Kecil-Bukit Batu"", ""Katonga Wildlife Reserve""]"
5a8843cd5542994846c1ce75,ucb1,5,Mwabvi River,Buffalo,0.0,0.0,0.0,0.0,587,4,9.045e-05,"[""Krau Wildlife Reserve"", ""Giam Siak Kecil-Bukit Batu"", ""Katonga Wildlife Reserve"", ""Project African Wilderness"", ""Saint-Maurice Wildlife Reserve""]"
5ab90d8955429916710eb0f1,ucb1,2,noanswer,Smoothie King Center,0.0,0.0,0.0,0.0,483,2,7.365e-05,"[""Portland Trail Blazers all-time roster"", ""Raptors 905""]"
5ab90d8955429916710eb0f1,ucb1,3,Smoothie King Center,Smoothie King Center,1.0,1.0,1.0,1.0,555,4,8.565000000000001e-05,"[""Portland Trail Blazers all-time roster"", ""Raptors 905"", ""New Orleans Pelicans""]"
5ab90d8955429916710eb0f1,ucb1,5,noanswer,Smoothie King Center,0.0,0.0,0.0,0.0,847,2,0.00012825,"[""Portland Trail Blazers all-time roster"", ""Raptors 905"", ""New Orleans Pelicans"", ""Portland Trail Blazers"", ""Long Island Nets""]"
5ae788fa55429952e35ea964,ucb1,2,jam band sound,extensive use of segues,0.0,0.0,0.0,0.0,264,3,4.1400000000000003e-05,"[""Blues Traveler (album)"", ""Blues Traveler""]"
5ae788fa55429952e35ea964,ucb1,3,jam band sound,extensive use of segues,0.0,0.0,0.0,0.0,315,3,4.9050000000000006e-05,"[""Blues Traveler (album)"", ""Blues Traveler"", ""On Tour Forever""]"
5ae788fa55429952e35ea964,ucb1,5,jam band sound,extensive use of segues,0.0,0.0,0.0,0.0,554,3,8.49e-05,"[""Blues Traveler (album)"", ""Blues Traveler"", ""On Tour Forever"", ""Blues Brothers 2000 (soundtrack)"", ""North Hollywood Shootout""]"
5ae1925a554299492dc91b48,ucb1,2,noanswer,Charlotte Carnegie,0.0,0.0,0.0,0.0,306,2,4.71e-05,"[""Castle Sinclair Girnigoe"", ""Fra Lippo Lippi (poem)""]"
5ae1925a554299492dc91b48,ucb1,3,noanswer,Charlotte Carnegie,0.0,0.0,0.0,0.0,386,2,5.91e-05,"[""Castle Sinclair Girnigoe"", ""Fra Lippo Lippi (poem)"", ""Dundas Castle""]"
5ae1925a554299492dc91b48,ucb1,5,noanswer,Charlotte Carnegie,0.0,0.0,0.0,0.0,532,2,8.1e-05,"[""Castle Sinclair Girnigoe"", ""Fra Lippo Lippi (poem)"", ""Dundas Castle"", ""Kinnaird Castle, Brechin"", ""Hayashi Castle""]"
5ae1443855429920d5234362,ucb1,2,World War II,World War II,1.0,1.0,1.0,1.0,446,3,6.869999999999999e-05,"[""Anatoly Petrakovsky"", ""Battle of Berlin""]"
5ae1443855429920d5234362,ucb1,3,World War II,World War II,1.0,1.0,1.0,1.0,535,3,8.205e-05,"[""Anatoly Petrakovsky"", ""Battle of Berlin"", ""Mikhail Linnik""]"
5ae1443855429920d5234362,ucb1,5,World War II,World War II,1.0,1.0,1.0,1.0,882,3,0.00013409999999999998,"[""Anatoly Petrakovsky"", ""Battle of Berlin"", ""Mikhail Linnik"", ""Boris Vladimirov"", ""Alexander Nikolayev""]"
5ac54c435542993e66e822d1,ucb1,2,Oklahoma State,Oklahoma State University,0.0,0.8,1.0,0.6666666666666666,449,3,6.915e-05,"[""Karl Brill"", ""Mike Gundy""]"
5ac54c435542993e66e822d1,ucb1,3,noanswer,Oklahoma State University,0.0,0.0,0.0,0.0,610,2,9.27e-05,"[""Karl Brill"", ""Mike Gundy"", ""Bob Adams (American football)""]"
5ac54c435542993e66e822d1,ucb1,5,noanswer,Oklahoma State University,0.0,0.0,0.0,0.0,851,2,0.00012885,"[""Karl Brill"", ""Mike Gundy"", ""Bob Adams (American football)"", ""Mariam Stepanyan"", ""Ike Mahoney""]"
5a7a77425542995eb53be83e,ucb1,2,Brady Seals,Brady Seals,1.0,1.0,1.0,1.0,332,4,5.2199999999999995e-05,"[""Nick Carter, Master Detective"", ""The Truth (Brady Seals album)""]"
5a7a77425542995eb53be83e,ucb1,3,Brady Seals,Brady Seals,1.0,1.0,1.0,1.0,399,4,6.225e-05,"[""Nick Carter, Master Detective"", ""The Truth (Brady Seals album)"", ""Nick Carter va tout casser""]"
5a7a77425542995eb53be83e,ucb1,5,Brady Seals,Brady Seals,1.0,1.0,1.0,1.0,680,4,0.0001044,"[""Nick Carter, Master Detective"", ""The Truth (Brady Seals album)"", ""Nick Carter va tout casser"", ""Another You, Another Me"", ""Brady Seals""]"
5a7153d05542994082a3e7dc,ucb1,2,Nusretiye Mosque,Nusretiye Mosque,1.0,1.0,1.0,1.0,399,5,6.285e-05,"[""Nusretiye Mosque"", ""Hassan II Mosque""]"
5a7153d05542994082a3e7dc,ucb1,3,Nusretiye Mosque,Nusretiye Mosque,1.0,1.0,1.0,1.0,468,5,7.32e-05,"[""Nusretiye Mosque"", ""Hassan II Mosque"", ""Bayezid II Mosque (Amasya)""]"
5a7153d05542994082a3e7dc,ucb1,5,Nusretiye Mosque,Nusretiye Mosque,1.0,1.0,1.0,1.0,752,5,0.0001158,"[""Nusretiye Mosque"", ""Hassan II Mosque"", ""Bayezid II Mosque (Amasya)"", ""Gazi Atik Ali Pasha Mosque"", ""Vasat Atik Ali Pasha Mosque""]"
5ae361805542992e3233c3c9,ucb1,2,noanswer,Georgetown University,0.0,0.0,0.0,0.0,473,2,7.215e-05,"[""Chauncey Billups"", ""Three-peat""]"
5ae361805542992e3233c3c9,ucb1,3,Georgetown University,Georgetown University,1.0,1.0,1.0,1.0,615,3,9.405000000000001e-05,"[""Chauncey Billups"", ""Three-peat"", ""Jerome Williams (basketball)""]"
5ae361805542992e3233c3c9,ucb1,5,Georgetown University,Georgetown University,1.0,1.0,1.0,1.0,967,3,0.00014684999999999996,"[""Chauncey Billups"", ""Three-peat"", ""Jerome Williams (basketball)"", ""Rickey Paulding"", ""Reggie Harding""]"
5a72688c5542997f827839b2,ucb1,2,Turkey,Turkey,1.0,1.0,1.0,1.0,288,1,4.3799999999999994e-05,"[""New Mosque (Istanbul)"", ""Yeni Valide Mosque""]"
5a72688c5542997f827839b2,ucb1,3,Turkey,Turkey,1.0,1.0,1.0,1.0,421,1,6.375e-05,"[""New Mosque (Istanbul)"", ""Yeni Valide Mosque"", ""Pertevniyal Valide Sultan Mosque""]"
5a72688c5542997f827839b2,ucb1,5,noanswer,Turkey,0.0,0.0,0.0,0.0,614,2,9.329999999999999e-05,"[""New Mosque (Istanbul)"", ""Yeni Valide Mosque"", ""Pertevniyal Valide Sultan Mosque"", ""Gazi Atik Ali Pasha Mosque"", ""Atik Ali Pasha Mosque""]"
5a7ce0ce554299452d57ba92,ucb1,2,William McKinley,William McKinley,1.0,1.0,1.0,1.0,485,4,7.515000000000001e-05,"[""Assassination of James A. Garfield"", ""Alice Russell Glenny""]"
5a7ce0ce554299452d57ba92,ucb1,3,William McKinley,William McKinley,1.0,1.0,1.0,1.0,579,4,8.925e-05,"[""Assassination of James A. Garfield"", ""Alice Russell Glenny"", ""Pan-American Exposition""]"
5a7ce0ce554299452d57ba92,ucb1,5,William McKinley,William McKinley,1.0,1.0,1.0,1.0,828,4,0.0001266,"[""Assassination of James A. Garfield"", ""Alice Russell Glenny"", ""Pan-American Exposition"", ""Rose C. Davison"", ""Mission style furniture""]"
5a83411655429966c78a6b5d,ucb1,2,Justin Spitzer,Justin Spitzer,1.0,1.0,1.0,1.0,632,3,9.66e-05,"[""Julia Benjamin"", ""Johnny Pemberton""]"
5a83411655429966c78a6b5d,ucb1,3,noanswer,Justin Spitzer,0.0,0.0,0.0,0.0,791,2,0.00011985,"[""Julia Benjamin"", ""Johnny Pemberton"", ""Lea Thompson""]"
5a83411655429966c78a6b5d,ucb1,5,Justin Spitzer,Justin Spitzer,1.0,1.0,1.0,1.0,974,3,0.0001479,"[""Julia Benjamin"", ""Johnny Pemberton"", ""Lea Thompson"", ""Superstore (TV series)"", ""Fred G. Sanford""]"
5a877dd65542993e715abf79,ucb1,2,no,no,1.0,1.0,1.0,1.0,481,1,7.274999999999999e-05,"[""Einar Arn\u00f3rsson"", ""Halld\u00f3r Laxness""]"
5a877dd65542993e715abf79,ucb1,3,no,no,1.0,1.0,1.0,1.0,582,1,8.79e-05,"[""Einar Arn\u00f3rsson"", ""Halld\u00f3r Laxness"", ""Gu\u00f0n\u00fd Halld\u00f3rsd\u00f3ttir""]"
5a877dd65542993e715abf79,ucb1,5,no,no,1.0,1.0,1.0,1.0,669,1,0.00010095,"[""Einar Arn\u00f3rsson"", ""Halld\u00f3r Laxness"", ""Gu\u00f0n\u00fd Halld\u00f3rsd\u00f3ttir"", ""Halld\u00f3r Laxness (album)"", ""The Fish Can Sing""]"
5ab6087a554299110f2199be,ucb1,2,noanswer,yes,0.0,0.0,0.0,0.0,285,2,4.3950000000000004e-05,"[""Korematsu v. United States"", ""Eric Yamamoto""]"
5ab6087a554299110f2199be,ucb1,3,no,yes,0.0,0.0,0.0,0.0,346,1,5.25e-05,"[""Korematsu v. United States"", ""Eric Yamamoto"", ""Chaplinsky v. New Hampshire""]"
5ab6087a554299110f2199be,ucb1,5,no,yes,0.0,0.0,0.0,0.0,620,1,9.36e-05,"[""Korematsu v. United States"", ""Eric Yamamoto"", ""Chaplinsky v. New Hampshire"", ""Ex parte Endo"", ""Duncan v. Kahanamoku""]"
5adbd70c55429947ff173843,ucb1,2,noanswer,Personal History,0.0,0.0,0.0,0.0,287,2,4.425e-05,"[""Golf (1984 video game)"", ""Katharine Graham""]"
5adbd70c55429947ff173843,ucb1,3,noanswer,Personal History,0.0,0.0,0.0,0.0,409,2,6.255e-05,"[""Golf (1984 video game)"", ""Katharine Graham"", ""Acaciella angustissima""]"
5adbd70c55429947ff173843,ucb1,5,Personal History,Personal History,1.0,1.0,1.0,1.0,608,2,9.240000000000001e-05,"[""Golf (1984 video game)"", ""Katharine Graham"", ""Acaciella angustissima"", ""Black and White Ball"", ""Snooker""]"
5a7796e05542992a6e59df0f,ucb1,2,Netherlands,Netherlands,1.0,1.0,1.0,1.0,261,2,4.035e-05,"[""Huis Ten Bosch (train)"", ""Cornelis Sebille Roos""]"
5a7796e05542992a6e59df0f,ucb1,3,Netherlands,Netherlands,1.0,1.0,1.0,1.0,333,2,5.1149999999999996e-05,"[""Huis Ten Bosch (train)"", ""Cornelis Sebille Roos"", ""Huis Ten Bosch Station""]"
5a7796e05542992a6e59df0f,ucb1,5,Japan,Netherlands,0.0,0.0,0.0,0.0,464,1,7.02e-05,"[""Huis Ten Bosch (train)"", ""Cornelis Sebille Roos"", ""Huis Ten Bosch Station"", ""Huis ten Bosch (disambiguation)"", ""Oranjezaal""]"
5abc030e554299642a094bdc,ucb1,2,David Lloyd George,1945 to 1951,0.0,0.0,0.0,0.0,414,3,6.39e-05,"[""Honours (Prevention of Abuses) Act 1925"", ""Deputy prime minister""]"
5abc030e554299642a094bdc,ucb1,3,noanswer,1945 to 1951,0.0,0.0,0.0,0.0,616,2,9.36e-05,"[""Honours (Prevention of Abuses) Act 1925"", ""Deputy prime minister"", ""Reindeer Act""]"
5abc030e554299642a094bdc,ucb1,5,noanswer,1945 to 1951,0.0,0.0,0.0,0.0,918,2,0.0001389,"[""Honours (Prevention of Abuses) Act 1925"", ""Deputy prime minister"", ""Reindeer Act"", ""Letters of last resort"", ""Prime Minister of Northern Ireland""]"
5a7bb7f2554299042af8f7b6,ucb1,2,gweilo,Gweilo,1.0,1.0,1.0,1.0,506,3,7.769999999999999e-05,"[""Sheng nu"", ""Gweilo""]"
5a7bb7f2554299042af8f7b6,ucb1,3,gweilo,Gweilo,1.0,1.0,1.0,1.0,566,3,8.669999999999999e-05,"[""Sheng nu"", ""Gweilo"", ""Ducking (slang)""]"
5a7bb7f2554299042af8f7b6,ucb1,5,Gweilo,Gweilo,1.0,1.0,1.0,1.0,707,3,0.00010785,"[""Sheng nu"", ""Gweilo"", ""Ducking (slang)"", ""Ghosts (2006 film)"", ""Dongo""]"
5a8b3de95542997f31a41cc3,ucb1,2,noanswer,Tian Tan Buddha,0.0,0.0,0.0,0.0,340,2,5.22e-05,"[""Buddhism in Hong Kong"", ""Bagaya Monastery""]"
5a8b3de95542997f31a41cc3,ucb1,3,noanswer,Tian Tan Buddha,0.0,0.0,0.0,0.0,535,2,8.145e-05,"[""Buddhism in Hong Kong"", ""Bagaya Monastery"", ""Great Lavra""]"
5a8b3de95542997f31a41cc3,ucb1,5,noanswer,Tian Tan Buddha,0.0,0.0,0.0,0.0,762,2,0.0001155,"[""Buddhism in Hong Kong"", ""Bagaya Monastery"", ""Great Lavra"", ""Po Lin Monastery"", ""Ngong Ping 360""]"
5ab3bfd3554299233954ff99,ucb1,2,noanswer,Dirk Werner Nowitzki,0.0,0.0,0.0,0.0,375,2,5.745e-05,"[""Seth Curry"", ""2011 NBA Finals""]"
5ab3bfd3554299233954ff99,ucb1,3,noanswer,Dirk Werner Nowitzki,0.0,0.0,0.0,0.0,510,2,7.77e-05,"[""Seth Curry"", ""2011 NBA Finals"", ""Terrance Ferguson""]"
5ab3bfd3554299233954ff99,ucb1,5,Dirk Nowitzki,Dirk Werner Nowitzki,0.0,0.8,1.0,0.6666666666666666,934,5,0.00014309999999999998,"[""Seth Curry"", ""2011 NBA Finals"", ""Terrance Ferguson"", ""Austin Rivers"", ""Nike Hoop Summit""]"
5ab9b7d555429970cfb8eb7a,ucb1,2,Henry,Henry Lau,0.0,0.6666666666666666,1.0,0.5,373,1,5.655e-05,"[""Henry Lau"", ""Kim Ryeowook discography""]"
5ab9b7d555429970cfb8eb7a,ucb1,3,Henry,Henry Lau,0.0,0.6666666666666666,1.0,0.5,433,1,6.555000000000001e-05,"[""Henry Lau"", ""Kim Ryeowook discography"", ""Lee Sung-min (singer)""]"
5ab9b7d555429970cfb8eb7a,ucb1,5,Henry,Henry Lau,0.0,0.6666666666666666,1.0,0.5,655,1,9.885e-05,"[""Henry Lau"", ""Kim Ryeowook discography"", ""Lee Sung-min (singer)"", ""Cho Kyu-hyun discography"", ""Cho Kyuhyun""]"
5ab6bf6d55429953192ad372,ucb1,2,no,no,1.0,1.0,1.0,1.0,348,1,5.2799999999999996e-05,"[""Stephanitis takeyai"", ""Sinopieris""]"
5ab6bf6d55429953192ad372,ucb1,3,no,no,1.0,1.0,1.0,1.0,403,1,6.104999999999999e-05,"[""Stephanitis takeyai"", ""Sinopieris"", ""Phlebodium""]"
5ab6bf6d55429953192ad372,ucb1,5,no,no,1.0,1.0,1.0,1.0,740,1,0.0001116,"[""Stephanitis takeyai"", ""Sinopieris"", ""Phlebodium"", ""Pieris (plant)"", ""Leptosporangiate fern""]"
5ae7cb9b5542994a481bbde2,ucb1,2,noanswer,Kalokuokamaile,0.0,0.0,0.0,0.0,396,2,6.06e-05,"[""Al Fakhro"", ""Maestro Armando Ortega""]"
5ae7cb9b5542994a481bbde2,ucb1,3,noanswer,Kalokuokamaile,0.0,0.0,0.0,0.0,562,2,8.55e-05,"[""Al Fakhro"", ""Maestro Armando Ortega"", ""Death and state funeral of Gerald Ford""]"
5ae7cb9b5542994a481bbde2,ucb1,5,Kekaʻaniau Laʻanui,Kalokuokamaile,0.0,0.0,0.0,0.0,950,9,0.0001479,"[""Al Fakhro"", ""Maestro Armando Ortega"", ""Death and state funeral of Gerald Ford"", ""Franklin Seaver Pratt"", ""Prachethasa""]"
5ab1d6545542997061209588,ucb1,2,12,Bocelli became completely blind at the age of 12,0.0,0.2222222222222222,1.0,0.125,349,1,5.295e-05,"[""Giro di Toscana"", ""Andrea Bocelli""]"
5ab1d6545542997061209588,ucb1,3,12,Bocelli became completely blind at the age of 12,0.0,0.2222222222222222,1.0,0.125,416,1,6.3e-05,"[""Giro di Toscana"", ""Andrea Bocelli"", ""Melodramma (song)""]"
5ab1d6545542997061209588,ucb1,5,12,Bocelli became completely blind at the age of 12,0.0,0.2222222222222222,1.0,0.125,623,1,9.405000000000001e-05,"[""Giro di Toscana"", ""Andrea Bocelli"", ""Melodramma (song)"", ""Girolamo da Montesarchio"", ""7th Infantry Division Lupi di Toscana""]"
5addcb215542997dc7907033,ucb1,2,Naomi Campbell,Naomi Elaine Campbell,0.0,0.8,1.0,0.6666666666666666,649,3,9.915e-05,"[""Project Funk da World"", ""Nasty Girl (The Notorious B.I.G. song)""]"
5addcb215542997dc7907033,ucb1,3,Naomi Campbell,Naomi Elaine Campbell,0.0,0.8,1.0,0.6666666666666666,813,3,0.00012374999999999997,"[""Project Funk da World"", ""Nasty Girl (The Notorious B.I.G. song)"", ""Mo Money Mo Problems""]"
5addcb215542997dc7907033,ucb1,5,Naomi Campbell,Naomi Elaine Campbell,0.0,0.8,1.0,0.6666666666666666,1031,3,0.00015645,"[""Project Funk da World"", ""Nasty Girl (The Notorious B.I.G. song)"", ""Mo Money Mo Problems"", ""Naomi Campbell"", ""Total (group)""]"
5ae528ed5542993aec5ec16e,ucb1,2,Revengers Tragedy,Revengers Tragedy,1.0,1.0,1.0,1.0,384,5,6.0599999999999996e-05,"[""King Lear (1916 film)"", ""Revengers Tragedy""]"
5ae528ed5542993aec5ec16e,ucb1,3,Revengers Tragedy,Revengers Tragedy,1.0,1.0,1.0,1.0,493,5,7.695000000000001e-05,"[""King Lear (1916 film)"", ""Revengers Tragedy"", ""Where Sinners Meet""]"
5ae528ed5542993aec5ec16e,ucb1,5,Revengers Tragedy,Revengers Tragedy,1.0,1.0,1.0,1.0,623,5,9.645000000000001e-05,"[""King Lear (1916 film)"", ""Revengers Tragedy"", ""Where Sinners Meet"", ""Repo Chick"", ""Diana Quick""]"
5a8c7ced5542995e66a4761c,ucb1,2,film,entertainment,0.0,0.0,0.0,0.0,296,1,4.5e-05,"[""Josh Trank"", ""Chronicle (film)""]"
5a8c7ced5542995e66a4761c,ucb1,3,film,entertainment,0.0,0.0,0.0,0.0,422,1,6.39e-05,"[""Josh Trank"", ""Chronicle (film)"", ""Roddy P\u00e9rez""]"
5a8c7ced5542995e66a4761c,ucb1,5,Film,entertainment,0.0,0.0,0.0,0.0,779,1,0.00011745,"[""Josh Trank"", ""Chronicle (film)"", ""Roddy P\u00e9rez"", ""Industrialnation"", ""Drake &amp; Josh""]"
5a72f74a55429901807daf59,ucb1,2,noanswer,Rosie O'Donnell,0.0,0.0,0.0,0.0,370,2,5.67e-05,"[""Bokuzen Hidari"", ""Sleepless in Seattle""]"
5a72f74a55429901807daf59,ucb1,3,Rosie O'Donnell,Rosie O'Donnell,1.0,1.0,1.0,1.0,432,5,6.780000000000001e-05,"[""Bokuzen Hidari"", ""Sleepless in Seattle"", ""Shaheed Woods""]"
5a72f74a55429901807daf59,ucb1,5,Rosie O'Donnell,Rosie O'Donnell,1.0,1.0,1.0,1.0,656,5,0.0001014,"[""Bokuzen Hidari"", ""Sleepless in Seattle"", ""Shaheed Woods"", ""Rosie O'Donnell"", ""Yannis Pappas""]"
5ae1d4e8554299234fd04312,ucb1,2,noanswer,"Robert Ian ""Rob"" Sitch",0.0,0.0,0.0,0.0,547,2,8.325e-05,"[""Trish Lake"", ""Jamie Hutchings""]"
5ae1d4e8554299234fd04312,ucb1,3,noanswer,"Robert Ian ""Rob"" Sitch",0.0,0.0,0.0,0.0,661,2,0.00010035,"[""Trish Lake"", ""Jamie Hutchings"", ""Herbert Finlay""]"
5ae1d4e8554299234fd04312,ucb1,5,noanswer,"Robert Ian ""Rob"" Sitch",0.0,0.0,0.0,0.0,1085,2,0.00016395,"[""Trish Lake"", ""Jamie Hutchings"", ""Herbert Finlay"", ""Mista Savona"", ""Inside Film Awards""]"
5a80aeef5542992097ad301a,ucb1,2,The Shins,The Shins,1.0,1.0,1.0,1.0,359,3,5.5650000000000004e-05,"[""The Shins"", ""Wizard of Ahhhs""]"
5a80aeef5542992097ad301a,ucb1,3,The Shins,The Shins,1.0,1.0,1.0,1.0,472,3,7.26e-05,"[""The Shins"", ""Wizard of Ahhhs"", ""Jesse Sandoval""]"
5a80aeef5542992097ad301a,ucb1,5,The Shins,The Shins,1.0,1.0,1.0,1.0,716,3,0.0001092,"[""The Shins"", ""Wizard of Ahhhs"", ""Jesse Sandoval"", ""Port of Morrow (album)"", ""Jon Sortland""]"
5a7f66f155429969796c1a33,ucb1,2,noanswer,Denmark–Norway–Sweden,0.0,0.0,0.0,0.0,461,2,7.034999999999999e-05,"[""List of Braathens destinations"", ""Legal name""]"
5a7f66f155429969796c1a33,ucb1,3,noanswer,Denmark–Norway–Sweden,0.0,0.0,0.0,0.0,563,2,8.565000000000001e-05,"[""List of Braathens destinations"", ""Legal name"", ""Star Search (Singapore season 8)""]"
5a7f66f155429969796c1a33,ucb1,5,noanswer,Denmark–Norway–Sweden,0.0,0.0,0.0,0.0,809,2,0.00012255,"[""List of Braathens destinations"", ""Legal name"", ""Star Search (Singapore season 8)"", ""Braathens Helikopter"", ""Rosemary Edghill""]"
5abbda84554299642a094b5b,ucb1,2,noanswer,2,0.0,0.0,0.0,0.0,367,2,5.625e-05,"[""Saab 38"", ""Link-ZA""]"
5abbda84554299642a094b5b,ucb1,3,noanswer,2,0.0,0.0,0.0,0.0,497,2,7.575e-05,"[""Saab 38"", ""Link-ZA"", ""Saab JAS 39 Gripen""]"
5abbda84554299642a094b5b,ucb1,5,noanswer,2,0.0,0.0,0.0,0.0,785,2,0.00011895,"[""Saab 38"", ""Link-ZA"", ""Saab JAS 39 Gripen"", ""Pitot tube"", ""Industrigruppen JAS""]"
5abe3dc65542993f32c2a0c4,ucb1,2,noanswer,8,0.0,0.0,0.0,0.0,332,2,5.1e-05,"[""KEWF"", ""KBXI""]"
5abe3dc65542993f32c2a0c4,ucb1,3,noanswer,8,0.0,0.0,0.0,0.0,587,2,8.925e-05,"[""KEWF"", ""KBXI"", ""KUMV-TV""]"
5abe3dc65542993f32c2a0c4,ucb1,5,noanswer,8,0.0,0.0,0.0,0.0,756,2,0.0001146,"[""KEWF"", ""KBXI"", ""KUMV-TV"", ""KRSQ"", ""KKBR""]"
5ae489ab5542995ad6573d62,ucb1,2,Mookie Blaylock,Mookie Blaylock,1.0,1.0,1.0,1.0,319,5,5.085e-05,"[""George T. Johnson"", ""Mookie Blaylock""]"
5ae489ab5542995ad6573d62,ucb1,3,Mookie Blaylock,Mookie Blaylock,1.0,1.0,1.0,1.0,559,5,8.685e-05,"[""George T. Johnson"", ""Mookie Blaylock"", ""Field goal percentage""]"
5ae489ab5542995ad6573d62,ucb1,5,Mookie Blaylock,Mookie Blaylock,1.0,1.0,1.0,1.0,912,5,0.00013979999999999998,"[""George T. Johnson"", ""Mookie Blaylock"", ""Field goal percentage"", ""Garry St. Jean"", ""1995\u201396 Atlanta Hawks season""]"
5a7e1b7155429965cec5ea6c,ucb1,2,Chrysler,Fiat Chrysler Automobiles N.V.,0.0,0.4,1.0,0.25,311,3,4.845e-05,"[""Chrysler"", ""Miguel Ramos Arizpe""]"
5a7e1b7155429965cec5ea6c,ucb1,3,Chrysler,Fiat Chrysler Automobiles N.V.,0.0,0.4,1.0,0.25,543,3,8.325e-05,"[""Chrysler"", ""Miguel Ramos Arizpe"", ""GM High Value engine""]"
5a7e1b7155429965cec5ea6c,ucb1,5,Fiat Chrysler,Fiat Chrysler Automobiles N.V.,0.0,0.6666666666666666,1.0,0.5,733,3,0.00011175,"[""Chrysler"", ""Miguel Ramos Arizpe"", ""GM High Value engine"", ""Saltillo Engine Plant"", ""Ramos Arizpe""]"
5a8fae205542997ba9cb32ec,ucb1,2,The Roy Files,American-Canadian mystery-drama,0.0,0.0,0.0,0.0,425,3,6.555000000000001e-05,"[""Everett Greenbaum"", ""The Roy Files""]"
5a8fae205542997ba9cb32ec,ucb1,3,noanswer,American-Canadian mystery-drama,0.0,0.0,0.0,0.0,534,2,8.13e-05,"[""Everett Greenbaum"", ""The Roy Files"", ""Wingin' It""]"
5a8fae205542997ba9cb32ec,ucb1,5,teen sitcom,American-Canadian mystery-drama,0.0,0.0,0.0,0.0,852,2,0.000129,"[""Everett Greenbaum"", ""The Roy Files"", ""Wingin' It"", ""JKT48's Finding Star"", ""Frenemies (film)""]"
5ae588cb55429960a22e0300,ucb1,2,Chaerophyllum,Chaerophyllum,1.0,1.0,1.0,1.0,632,4,9.72e-05,"[""Mary Hanford Ford"", ""Chaerophyllum""]"
5ae588cb55429960a22e0300,ucb1,3,Chaerophyllum,Chaerophyllum,1.0,1.0,1.0,1.0,673,4,0.00010335,"[""Mary Hanford Ford"", ""Chaerophyllum"", ""Chaerophyllum elegans""]"
5ae588cb55429960a22e0300,ucb1,5,Chaerophyllum,Chaerophyllum,1.0,1.0,1.0,1.0,1383,4,0.00020985,"[""Mary Hanford Ford"", ""Chaerophyllum"", ""Chaerophyllum elegans"", ""Leontodon taraxacoides"", ""Hindu Jarrals in Jammu""]"
5a75e62f5542992d0ec06013,ucb1,2,Tropicana Hotel,Tropicana Casino & Resort,0.0,0.4,0.5,0.3333333333333333,407,4,6.345e-05,"[""Borgata"", ""Johnny Mathis: Wonderful, Wonderful!""]"
5a75e62f5542992d0ec06013,ucb1,3,Tropicana Hotel,Tropicana Casino & Resort,0.0,0.4,0.5,0.3333333333333333,533,4,8.235000000000001e-05,"[""Borgata"", ""Johnny Mathis: Wonderful, Wonderful!"", ""TEN Atlantic City""]"
5a75e62f5542992d0ec06013,ucb1,5,Tropicana Hotel,Tropicana Casino & Resort,0.0,0.4,0.5,0.3333333333333333,740,4,0.0001134,"[""Borgata"", ""Johnny Mathis: Wonderful, Wonderful!"", ""TEN Atlantic City"", ""MGM Grand Atlantic City"", ""The Atlantic Club Casino Hotel""]"
5ac113e2554299294b21909a,ucb1,2,noanswer,"Wildhorn, Bricusse and Cuden",0.0,0.0,0.0,0.0,266,2,4.11e-05,"[""Cobb Energy Performing Arts Centre"", ""Linda Eder""]"
5ac113e2554299294b21909a,ucb1,3,noanswer,"Wildhorn, Bricusse and Cuden",0.0,0.0,0.0,0.0,452,2,6.9e-05,"[""Cobb Energy Performing Arts Centre"", ""Linda Eder"", ""Sam Levene""]"
5ac113e2554299294b21909a,ucb1,5,noanswer,"Wildhorn, Bricusse and Cuden",0.0,0.0,0.0,0.0,630,2,9.570000000000001e-05,"[""Cobb Energy Performing Arts Centre"", ""Linda Eder"", ""Sam Levene"", ""Belleayre Music Festival"", ""Bill Grainer""]"
5a82fe5055429966c78a6ad3,ucb1,2,noanswer,evangelical Christian,0.0,0.0,0.0,0.0,738,2,0.00011190000000000001,"[""Graham Schweig"", ""Time and Eternity (philosophy book)""]"
5a82fe5055429966c78a6ad3,ucb1,3,noanswer,evangelical Christian,0.0,0.0,0.0,0.0,1004,2,0.0001518,"[""Graham Schweig"", ""Time and Eternity (philosophy book)"", ""Peter L. Berger""]"
5a82fe5055429966c78a6ad3,ucb1,5,Christianity,evangelical Christian,0.0,0.0,0.0,0.0,1185,2,0.00017895,"[""Graham Schweig"", ""Time and Eternity (philosophy book)"", ""Peter L. Berger"", ""John Culp"", ""Azusa Pacific University""]"
5a7e05ba5542995f4f402392,ucb1,2,The Late Late Show,The Late Late Show,1.0,1.0,1.0,1.0,574,4,8.85e-05,"[""WWE Extreme Rules"", ""Gay Byrne""]"
5a7e05ba5542995f4f402392,ucb1,3,The Late Late Show,The Late Late Show,1.0,1.0,1.0,1.0,660,4,0.0001014,"[""WWE Extreme Rules"", ""Gay Byrne"", ""One Night Stand (video game)""]"
5a7e05ba5542995f4f402392,ucb1,5,The Late Late Show,The Late Late Show,1.0,1.0,1.0,1.0,919,4,0.00014025,"[""WWE Extreme Rules"", ""Gay Byrne"", ""One Night Stand (video game)"", ""For One Night Only (Irish TV series)"", ""You and Me (One Night Only song)""]"
5a7264ed5542990c210a411a,ucb1,2,Lebensraum,Blood and soil,0.0,0.0,0.0,0.0,460,3,7.08e-05,"[""Nazi Germany"", ""Lebensraum""]"
5a7264ed5542990c210a411a,ucb1,3,noanswer,Blood and soil,0.0,0.0,0.0,0.0,597,2,9.075e-05,"[""Nazi Germany"", ""Lebensraum"", ""Otto Strasser""]"
5a7264ed5542990c210a411a,ucb1,5,noanswer,Blood and soil,0.0,0.0,0.0,0.0,992,2,0.00015,"[""Nazi Germany"", ""Lebensraum"", ""Otto Strasser"", ""Martin Heidegger and Nazism"", ""Otto Telschow""]"
5a8ed10b5542995085b374a0,ucb1,2,noanswer,The Visit,0.0,0.0,0.0,0.0,327,2,5.025e-05,"[""When a Stranger Calls (2006 film)"", ""Hawa (film)""]"
5a8ed10b5542995085b374a0,ucb1,3,The Visit,The Visit,1.0,1.0,1.0,1.0,388,2,5.94e-05,"[""When a Stranger Calls (2006 film)"", ""Hawa (film)"", ""The Visit (2015 American film)""]"
5a8ed10b5542995085b374a0,ucb1,5,The Visit,The Visit,1.0,1.0,1.0,1.0,551,2,8.384999999999999e-05,"[""When a Stranger Calls (2006 film)"", ""Hawa (film)"", ""The Visit (2015 American film)"", ""Scare Campaign"", ""The Village (2004 film)""]"
5add8f055542990dbb2f7e6d,ucb1,2,Rudolf Höss,Rudolf Höss,1.0,1.0,1.0,1.0,389,5,6.135e-05,"[""Auschwitz concentration camp"", ""Gerstein Report""]"
5add8f055542990dbb2f7e6d,ucb1,3,Rudolf Höss,Rudolf Höss,1.0,1.0,1.0,1.0,534,5,8.31e-05,"[""Auschwitz concentration camp"", ""Gerstein Report"", ""Krak\u00f3w Ghetto""]"
5add8f055542990dbb2f7e6d,ucb1,5,Rudolf Höss,Rudolf Höss,1.0,1.0,1.0,1.0,804,5,0.0001236,"[""Auschwitz concentration camp"", ""Gerstein Report"", ""Krak\u00f3w Ghetto"", ""Birkenau (disambiguation)"", ""Majdanek concentration camp""]"
5a86ab7755429960ec39b6bf,ucb1,2,noanswer,an adventure novel,0.0,0.0,0.0,0.0,331,2,5.085e-05,"[""Oyster bar"", ""The Crab Cooker""]"
5a86ab7755429960ec39b6bf,ucb1,3,noanswer,an adventure novel,0.0,0.0,0.0,0.0,423,2,6.465e-05,"[""Oyster bar"", ""The Crab Cooker"", ""List of oyster bars""]"
5a86ab7755429960ec39b6bf,ucb1,5,noanswer,an adventure novel,0.0,0.0,0.0,0.0,651,2,9.884999999999999e-05,"[""Oyster bar"", ""The Crab Cooker"", ""List of oyster bars"", ""McDonaldization"", ""Nordsee""]"
5a7a112a5542990783324e2b,ucb1,2,noanswer,drummer,0.0,0.0,0.0,0.0,329,2,5.055e-05,"[""Mark Gaudet"", ""Axel von Blomberg""]"
5a7a112a5542990783324e2b,ucb1,3,metal musicians,drummer,0.0,0.0,0.0,0.0,435,2,6.645e-05,"[""Mark Gaudet"", ""Axel von Blomberg"", ""Mezzerschmitt""]"
5a7a112a5542990783324e2b,ucb1,5,metal musicians,drummer,0.0,0.0,0.0,0.0,592,2,9e-05,"[""Mark Gaudet"", ""Axel von Blomberg"", ""Mezzerschmitt"", ""Darkness \u2192 Light"", ""Steinar Sverd Johnsen""]"
5ab870ee5542990e739ec8f6,ucb1,2,Madeleine L'Engle,Madeleine L'Engle,1.0,1.0,1.0,1.0,308,6,4.98e-05,"[""A Wind in the Door"", ""Codename: Kids Next Door""]"
5ab870ee5542990e739ec8f6,ucb1,3,Madeleine L'Engle,Madeleine L'Engle,1.0,1.0,1.0,1.0,426,6,6.75e-05,"[""A Wind in the Door"", ""Codename: Kids Next Door"", ""Koi Kaze""]"
5ab870ee5542990e739ec8f6,ucb1,5,Madeleine L'Engle,Madeleine L'Engle,1.0,1.0,1.0,1.0,643,6,0.00010005,"[""A Wind in the Door"", ""Codename: Kids Next Door"", ""Koi Kaze"", ""The Four Winds of Love"", ""Door to Door (Modern Family)""]"
5a8810485542997e5c09a590,ucb1,2,noanswer,1.6 million passengers,0.0,0.0,0.0,0.0,454,2,6.929999999999999e-05,"[""Sofia Airport"", ""Exeter Airport""]"
5a8810485542997e5c09a590,ucb1,3,noanswer,1.6 million passengers,0.0,0.0,0.0,0.0,694,2,0.0001053,"[""Sofia Airport"", ""Exeter Airport"", ""Juanda International Airport""]"
5a8810485542997e5c09a590,ucb1,5,"847,257",1.6 million passengers,0.0,0.0,0.0,0.0,1084,3,0.00016439999999999998,"[""Sofia Airport"", ""Exeter Airport"", ""Juanda International Airport"", ""International air travel from the United Kingdom"", ""Tarbes\u2013Lourdes\u2013Pyr\u00e9n\u00e9es Airport""]"
5a8208ee5542990a1d231f1e,ucb1,2,noanswer,dinosaur,0.0,0.0,0.0,0.0,321,2,4.935e-05,"[""R. E. Hoy No. 1 Oil Well"", ""Sinclair, West Virginia""]"
5a8208ee5542990a1d231f1e,ucb1,3,noanswer,dinosaur,0.0,0.0,0.0,0.0,425,2,6.495e-05,"[""R. E. Hoy No. 1 Oil Well"", ""Sinclair, West Virginia"", ""Fred M. Manning""]"
5a8208ee5542990a1d231f1e,ucb1,5,noanswer,dinosaur,0.0,0.0,0.0,0.0,630,2,9.570000000000001e-05,"[""R. E. Hoy No. 1 Oil Well"", ""Sinclair, West Virginia"", ""Fred M. Manning"", ""National Iranian Drilling Company"", ""Pride International""]"
5a86399e5542994775f60733,ucb1,2,Indonesian,Punjabi/Pashtun,0.0,0.0,0.0,0.0,513,3,7.875e-05,"[""Maya Gallus"", ""Damien Dematra""]"
5a86399e5542994775f60733,ucb1,3,noanswer,Punjabi/Pashtun,0.0,0.0,0.0,0.0,726,2,0.00011009999999999999,"[""Maya Gallus"", ""Damien Dematra"", ""Deborah S. Esquenazi""]"
5a86399e5542994775f60733,ucb1,5,noanswer,Punjabi/Pashtun,0.0,0.0,0.0,0.0,1090,2,0.0001647,"[""Maya Gallus"", ""Damien Dematra"", ""Deborah S. Esquenazi"", ""Yair Qedar"", ""Deeyah Khan""]"
5a78e9a2554299148911f995,ucb1,2,Ruppert Stadium,Drillers Stadium,0.0,0.5,0.5,0.5,794,4,0.0001215,"[""Josh Holliday"", ""Newark Bears (International League)""]"
5a78e9a2554299148911f995,ucb1,3,Drillers Stadium,Drillers Stadium,1.0,1.0,1.0,1.0,895,3,0.00013605,"[""Josh Holliday"", ""Newark Bears (International League)"", ""Athletics Stadium""]"
5a78e9a2554299148911f995,ucb1,5,Drillers Stadium,Drillers Stadium,1.0,1.0,1.0,1.0,1180,3,0.00017879999999999998,"[""Josh Holliday"", ""Newark Bears (International League)"", ""Athletics Stadium"", ""LECOM Park"", ""Bedlam Series""]"
5a84995d5542997b5ce3fee4,ucb1,2,Alachua County,Alachua,0.0,0.6666666666666666,0.5,1.0,420,4,6.54e-05,"[""Gainesville, Florida"", ""Ellicott City, Maryland""]"
5a84995d5542997b5ce3fee4,ucb1,3,Alachua County,Alachua,0.0,0.6666666666666666,0.5,1.0,505,4,7.815e-05,"[""Gainesville, Florida"", ""Ellicott City, Maryland"", ""Cooperative Living Organization""]"
5a84995d5542997b5ce3fee4,ucb1,5,Alachua County,Alachua,0.0,0.6666666666666666,0.5,1.0,863,4,0.00013184999999999998,"[""Gainesville, Florida"", ""Ellicott City, Maryland"", ""Cooperative Living Organization"", ""Mason, Michigan"", ""Tampa\u2013Hillsborough County Public Library System""]"
5ab941c2554299743d22ea88,ucb1,2,noanswer,"Carolyn Janice Cherry (born September 1, 1942), better known by the pen name C. J. Cherryh,",0.0,0.0,0.0,0.0,419,2,6.405e-05,"[""Jane Thayer"", ""The Fortress Series""]"
5ab941c2554299743d22ea88,ucb1,3,noanswer,"Carolyn Janice Cherry (born September 1, 1942), better known by the pen name C. J. Cherryh,",0.0,0.0,0.0,0.0,583,2,8.865e-05,"[""Jane Thayer"", ""The Fortress Series"", ""Pen name""]"
5ab941c2554299743d22ea88,ucb1,5,noanswer,"Carolyn Janice Cherry (born September 1, 1942), better known by the pen name C. J. Cherryh,",0.0,0.0,0.0,0.0,861,2,0.00013035,"[""Jane Thayer"", ""The Fortress Series"", ""Pen name"", ""Morishima Ch\u016bry\u014d"", ""Carolyn Zane""]"
5a8e5f1f5542995a26add4d6,ucb1,2,noanswer,Sapsali,0.0,0.0,0.0,0.0,509,2,7.755e-05,"[""Shisa"", ""Nightmarchers""]"
5a8e5f1f5542995a26add4d6,ucb1,3,Sapsali,Sapsali,1.0,1.0,1.0,1.0,587,3,8.985e-05,"[""Shisa"", ""Nightmarchers"", ""Sapsali""]"
5a8e5f1f5542995a26add4d6,ucb1,5,Sapsali,Sapsali,1.0,1.0,1.0,1.0,1035,3,0.00015705,"[""Shisa"", ""Nightmarchers"", ""Sapsali"", ""Ba-Jia-Jiang"", ""Kukeri""]"
5abf1ad15542997ec76fd3c2,ucb1,2,noanswer,Marquis de Lafayette,0.0,0.0,0.0,0.0,329,2,5.055e-05,"[""Halifax, North Carolina"", ""James Hogun""]"
5abf1ad15542997ec76fd3c2,ucb1,3,noanswer,Marquis de Lafayette,0.0,0.0,0.0,0.0,447,2,6.825e-05,"[""Halifax, North Carolina"", ""James Hogun"", ""Halifax Historic District""]"
5abf1ad15542997ec76fd3c2,ucb1,5,noanswer,Marquis de Lafayette,0.0,0.0,0.0,0.0,735,2,0.00011145,"[""Halifax, North Carolina"", ""James Hogun"", ""Halifax Historic District"", ""Halifax County Home and Tubercular Hospital"", ""Enfield, North Carolina""]"
5ae5cf625542996de7b71a22,ucb1,2,San Francisco 49ers,University of Texas Longhorns,0.0,0.0,0.0,0.0,308,5,4.9199999999999997e-05,"[""Colt McCoy"", ""Egypt at the 2004 Summer Paralympics""]"
5ae5cf625542996de7b71a22,ucb1,3,Texas Longhorns,University of Texas Longhorns,0.0,0.6666666666666666,1.0,0.5,466,4,7.23e-05,"[""Colt McCoy"", ""Egypt at the 2004 Summer Paralympics"", ""David Neill""]"
5ae5cf625542996de7b71a22,ucb1,5,University of Texas,University of Texas Longhorns,0.0,0.8571428571428571,1.0,0.75,681,3,0.00010394999999999999,"[""Colt McCoy"", ""Egypt at the 2004 Summer Paralympics"", ""David Neill"", ""Sobaeksu Sports Club"", ""Walter Camp Award""]"
5a7c8ae855429935c91b5207,ucb1,2,noanswer,Alexander Porfiryevich Borodin,0.0,0.0,0.0,0.0,329,2,5.055e-05,"[""Russian School Hurghada"", ""International Russian School in Antalya""]"
5a7c8ae855429935c91b5207,ucb1,3,Alexander Borodin,Alexander Porfiryevich Borodin,0.0,0.8,1.0,0.6666666666666666,436,3,6.72e-05,"[""Russian School Hurghada"", ""International Russian School in Antalya"", ""Alexander Borodin""]"
5a7c8ae855429935c91b5207,ucb1,5,Alexander Borodin,Alexander Porfiryevich Borodin,0.0,0.8,1.0,0.6666666666666666,646,3,9.87e-05,"[""Russian School Hurghada"", ""International Russian School in Antalya"", ""Alexander Borodin"", ""Russian School Defense Staff"", ""Novgorod School""]"
5a87106555429960ec39b71f,ucb1,2,noanswer,Rob Reiner,0.0,0.0,0.0,0.0,332,2,5.1e-05,"[""Sudigundalu"", ""The Attorney""]"
5a87106555429960ec39b71f,ucb1,3,noanswer,Rob Reiner,0.0,0.0,0.0,0.0,483,2,7.365e-05,"[""Sudigundalu"", ""The Attorney"", ""Shaurya""]"
5a87106555429960ec39b71f,ucb1,5,noanswer,Rob Reiner,0.0,0.0,0.0,0.0,669,2,0.00010155,"[""Sudigundalu"", ""The Attorney"", ""Shaurya"", ""Mamma Ebe"", ""The Lawyer (film)""]"
5a7f296f55429934daa2fd10,ucb1,2,noanswer,1974,0.0,0.0,0.0,0.0,377,2,5.775e-05,"[""Luke Burbank"", ""Too Beautiful to Live""]"
5a7f296f55429934daa2fd10,ucb1,3,2016,1974,0.0,0.0,0.0,0.0,523,2,7.965000000000001e-05,"[""Luke Burbank"", ""Too Beautiful to Live"", ""A Prairie Home Companion""]"
5a7f296f55429934daa2fd10,ucb1,5,1974,1974,1.0,1.0,1.0,1.0,752,2,0.00011399999999999999,"[""Luke Burbank"", ""Too Beautiful to Live"", ""A Prairie Home Companion"", ""Live Wire Radio"", ""Floater (band)""]"
5ae14b5c55429920d52343aa,ucb1,2,Dan Severn,Anderson Silva,0.0,0.0,0.0,0.0,406,3,6.269999999999999e-05,"[""Skip Hall (MMA)"", ""Kamen Georgiev""]"
5ae14b5c55429920d52343aa,ucb1,3,Anderson Silva,Anderson Silva,1.0,1.0,1.0,1.0,519,3,7.965e-05,"[""Skip Hall (MMA)"", ""Kamen Georgiev"", ""Chris Weidman""]"
5ae14b5c55429920d52343aa,ucb1,5,Chris Weidman,Anderson Silva,0.0,0.0,0.0,0.0,960,4,0.0001464,"[""Skip Hall (MMA)"", ""Kamen Georgiev"", ""Chris Weidman"", ""Luke Rockhold"", ""Dan Henderson""]"
5a88b3b4554299206df2b336,ucb1,2,noanswer,music,0.0,0.0,0.0,0.0,300,2,4.6200000000000005e-05,"[""Consul fabius"", ""Arlecchino (opera)""]"
5a88b3b4554299206df2b336,ucb1,3,noanswer,music,0.0,0.0,0.0,0.0,372,2,5.6999999999999996e-05,"[""Consul fabius"", ""Arlecchino (opera)"", ""Ekaterina Semenikhin""]"
5a88b3b4554299206df2b336,ucb1,5,noanswer,music,0.0,0.0,0.0,0.0,690,2,0.0001047,"[""Consul fabius"", ""Arlecchino (opera)"", ""Ekaterina Semenikhin"", ""Uterine cancer"", ""Street art""]"
