question_id,method,n_total,answer_pred,answer_gt,em,f1,precision,recall,input_tokens,output_tokens,cost_usd,token_efficiency,cost_efficiency
5a8b57f25542995d1e6f1371,always_think,2,"No, Scott Derrickson and Ed Wood were not of the same nationality. Scott Derrickson is an American filmmaker, while Ed Wood, who was also American, was notably recognized as a director and screenwriter in the mid-20th century. Although they both share American nationality, they are from different eras in the film industry.",yes,0.0,0.0,0.0,0.0,23,66,4.305e-05,0,0
5a8c7595554299585d9e36b6,always_think,2,"The woman who portrayed Corliss Archer in the film ""Kiss and Tell"" was Janet Leigh. Janet Leigh later served as a member of the California Film Commission, but she did not hold a government position in the traditional sense like an elected official. If you are referring to a specific government position beyond this context, please provide more information for clarification.",Chief of Protocol,0.0,0.03571428571428571,0.018867924528301886,0.3333333333333333,32,71,4.74e-05,0.007689767396815879,753.465943339361
5a8b57f25542995d1e6f1371,always_think,2,"No, Scott Derrickson and Ed Wood were not of the same nationality. Scott Derrickson is an American filmmaker, while Ed Wood, who was also American, was notably recognized as a director and screenwriter in the mid-20th century. Although they both share American nationality, they are from different eras in the film industry.",yes,0.0,0.0,0.0,0.0,23,66,4.305e-05,0,0
5a8c7595554299585d9e36b6,always_think,2,"The woman who portrayed Corliss Archer in the film ""Kiss and Tell"" was Janet Leigh. Janet Leigh later served as a member of the California Film Commission, but she did not hold a government position in the traditional sense like an elected official. If you are referring to a specific government position beyond this context, please provide more information for clarification.",Chief of Protocol,0.0,0.03571428571428571,0.018867924528301886,0.3333333333333333,32,71,4.74e-05,0.007689767396815879,753.465943339361
5a8b57f25542995d1e6f1371,retrieval_k3,2,"Yes, both Scott Derrickson and Ed Wood were of the same nationality; they were both American.",yes,0.0,0.0,0.0,0.0,257,20,5.0549999999999995e-05,0,0
5a8c7595554299585d9e36b6,retrieval_k3,2,"Shirley Temple, who portrayed Corliss Archer in the film ""Kiss and Tell,"" later held the position of United States ambassador to Czechoslovakia.",Chief of Protocol,0.0,0.08695652173913045,0.05,0.3333333333333333,323,35,6.945e-05,0.014780172833852464,1252.0737471437071
5a8b57f25542995d1e6f1371,retrieval_k5,2,"Yes, both Scott Derrickson and Ed Wood were American.",yes,0.0,0.0,0.0,0.0,450,12,7.47e-05,0,0
5a8c7595554299585d9e36b6,retrieval_k5,2,"Shirley Temple, who portrayed Corliss Archer in the film ""Kiss and Tell,"" later held the position of United States Ambassador to Ghana and also served as Chief of Protocol of the United States.",Chief of Protocol,0.0,0.18181818181818182,0.1,1.0,535,42,0.00010545,0.02858967999630109,1724.21225052804
5a8b57f25542995d1e6f1371,retrieval_k10,2,"Yes, both Scott Derrickson and Ed Wood were of the same nationality; they were both American.",yes,0.0,0.0,0.0,0.0,1171,20,0.00018765,0,0
5a8c7595554299585d9e36b6,retrieval_k10,2,"The woman who portrayed Corliss Archer in the film ""Kiss and Tell"" is Shirley Temple. Later in her life, she held the government positions of United States ambassador to Ghana and to Czechoslovakia, and she also served as Chief of Protocol of the United States.",Chief of Protocol,0.0,0.13636363636363635,0.07317073170731707,1.0,1276,58,0.00022620000000000002,0.018948113832867253,602.8454304316372
